{
  "rmse": 415.6063991251205,
  "mae": 296.1056460958033,
  "r2": 0.21602682854146948,
  "r2_baseline": 0.2160325985649687,
  "rrmse": 13.877009372225732,
  "n": 415,
  "anos_testados": 24,
  "registros": 415
}
